Rating,title,review
1,Vælg aldrig de store …,"Arrogant og uhjælpelig tilgang til at løse deres egne fejl.Jeg skulle have monteret en ny kappe på sidespejlet på bilen. Da den var ankommet var den ridset. Medarbejderne havde en yderst arrogant tilgang fra start til slut. Mon det havde noget at gøre med, at jeg blot er en lille fisk i deres store forretning, og at de derfor ikke gider at bruge energien på at yde god kundeservice?Opdatering: Tilfældigvis blev kundeservice naturligvis stærkt forbedret efter denne anmeldelse og nu er de selvfølgelig klar til at snakke og finde en konstruktiv løsning i modsætning til tidligere …"
5,Altid god service hos Andersen og Martini Greve afd.,"Har flere gange haft min Tesla til service, rudeskift mv. hos Andersen og Martini i Greve. Personalet er altid flinke og de overholder deres aftaler til tiden, og slutteligt er deres priser også yderste rimelige.De har sågar ordnet nogle ting u/b.Jeg kan varmt anbefale til andre bilejere."
5,God oplevelse,"Jeg har fredag d. 25. marts købt en Model 3 hos Andersen & Martini. Købsforløbet starter med at jeg mandag reserverer bilen, da jeg bor i Aalborg og ikke ""lige"" kan komme forbi. Da jeg samtidigt skal være sikker på min gamle bil er solgt først, aftaler jeg afhentning fredag.Den venlige pige der ringer mig op for at bekræfte reservationen, fortæller samtidigt at sælger vil ringe mig op for at gennemgå bilen, da AM går meget op i at man som køber trygt kan købe på afstand. Dejligt! Der bliver udformet en slutseddel under forudsætning af godkendelse af bilen, da jeg ikke turde binde mig 100% førend jeg var sikker på betalingen for min gamle bil var gået ind.Jeg ankommer til A&M, hvor der er nogle enkelte fejl ved bilen. Sammen finder vi en mindelig løsning herpå, og jeg tager bilen med mig, og jeg nyder den stadig. :-)Personalet har været rigtig venligt hele vejen igennem, ventetiden da der skulle afgiftberigtiges og registreres bil var ganske kort, og jeg på serviceniveauet sagtens kan se mig selv handle med AM i fremtiden."
5,Fantastisk Service,"Var på udkig efter en ny bil og fik anbefalet Andersen & Martini i Greve af bekendte. Jeg var inde og få talt omkring mine ønsker og behov for en bil med sælgeren Mikkel Randløv. Han var meget imøddekommende og super kompetent indenfor sit område. Efter prøvekørslen af en Opel Corsa, var jeg sikker på at mine præferencer var indfriet. Vi fik forhandlet os frem til en skarp pris for bege parter. Hermed kunne jeg allerede hente min bil efter en uge. Fik den bedste service de to gange jeg var fordi i Greve.Rart at møde en sælger, som ser kundens behov frem for kun et salg.Kan kun anbefale andre også at handle der!"
5,Bedste forhandler i DK,"Ud af alle de forhandlere jeg besøgte i min jagt efter en ny bil, var andersen og martini, specifikt Enes i Ballerup klart den bedste. Fra start af fik man super god service og en behagelig samtale. Derudover en grunding gennemgang af bilen samt ting man skulle være opmærksom på. Enes fik sågar skaffet mig en finansering til bilen, som sparede mig intet mindre end 84.000 kr. i rente i forhold til den jeg selv kunne skaffe! Hvis man skal have en ny bil i 2022, så skal man klart gøre det igennem Enes. Endnu engang tusind tak!"
5,Fantastisk service ved salg af bil!,"Solgte min Opel Corsa til AM i Greve, med hjælp fra Lars Pedersen, mega flink og serviceminded mand, der fik banket en hurtig handel igennem, med en god pris for min brugte bil. Kæmpe anbefaling herfra!"
5,Behagelig og professionel oplevelse,Købte en ny elbil af Lars Pedersen i Greve afdelingen. Helt igennem en behagelig og professionel oplevelse.Stor tak til Lars og Troels som tog sig tid til at lade os komme ind og hente bilen en time før åbningstid så vi i ro og mag kunne få en introduktion til bilen og indstillingerne!
5,Vi købte en Tesla model 3 fra Lars,Vi købte en Tesla model 3 fra Lars. Super oplevelse!
5,Vanvittig god service og god oplevelse,"Vanvittig god service og god oplevelse, kæmpe anbefaling herfra!"
5,Super,"Super, super fed oplevelse! Første gang jeg handler hos Andersen & Martini, og blev ikke skuffet! En flink ung gut ved navn Mikkel, gav mig en fortrinelig service. Købte en TM3, og der var ikke det spørgsmål jeg ikke kunne få svar på. Alt i alt en helt igennem fantastisk og smertefri oplevelse, og er bestemt ikke sidste gang jeg handler hos Andersen & Martini.Tak for formidabel service!Mvh. en meget tilfreds kunde!"
5,Fantastisk kundeservice hele vejen igennem,"Vil gerne rose Enes fra Andersen og Martini i Ballerup for en fantastisk kundeservice. Vores køb af ny Opel Corsa foregik smertefrit fra start til slut og Enes viste stor engagement og interesse og sørgede for at vi fik bilen i tip top klargjort stand. Vi fik en god pris på vores brugte vogn, så det hele var bare perfekt. Endnu en gang stort tak til dig Enes, vi kommer helt sikkert til at have glæde af Andersen og Martini fremadrettet."
5,Jeg har lige købt en bil hos AM,"Jeg har lige købt en bil hos AM. Super god service, flink og afdæmpet sælger som kommunikere i ""øjenhøjde"" frem for den her typiske arrogante og nedladende bilsælger. Jeg fik også en rigtig god pris på min byttebil. Sælgeren hjalp mig også med et pantebrev som der uheldigvis stadig var på min byttebil fra en tidligere ejer. Alt i alt en god oplevelse, meget tilfreds med handlen og jeg har købt en super fin bil."
5,Super venlig og hjælpsom vejledning,"Super venlig og hjælpsom vejledning. Jeg så bilen mandag aften, og mandagen efter hentede jeg bilen og i tog min gamle bil i bytte.Helt klart et sted vi vil kigge når vi skal skifte nr 2 bil ud også :-)Anbefaling herfra!"
1,Har ingen ord ..,Kan ikke rigtig anbefale stedet !   At sende en kunde afsted vel vidende bilen ikke fungere :/
5,Kudos til Kirsten,"Jeg er den ""heldige"" ejer af en Peugeot e2008 med rigtigt mange fejl og har været forbi A&M mange gange for at få dem fixet.Heldigvis har de Kirsten ansat, som hver gang gør sit yderste for at hjælpe og altid er super professionel og omhyggelig.Tak til dig Kirsten for at gøre en træls oplevelse til en god oplevelse!"
5,Supergod oplevelse,Havde en rigtig god oplevelse ved køb af bil. Rigtig god service og behandling med saglig og professionel information og rådgivgning på en behagelig og ordentlig måde. Er meget tilfreds og kan varmt anbefale at handle her!
5,Spørg efter Balal,"Balal gav som en utrolig god, grundig og personlig vejledning. Han er meget ærlig og samvittighedsfuld. Vi har købt en Tesla 3 og fået en god byttepris på vores gamle bil. Balal følger op og gav os tryghed i handlen. Vil helt klart anbefale man spørger efter ham, havde talt med en anden en måned tidligere, men ikke så nærværende som Balal, han ændrede vores syn på stedet. Selvom han var så uheldig at den bil vi først havde set på, blev solgt mens vi var på stedet."
5,Fremtidens autohandler,"Ref. AM GreveSkal der købes bil så er det Lars Pedersen. Skal der efterfølgende laves noget på bilen af Rep., så er det Thomas Gøtze. Super behagelig oplevelse ved køb af vores Tesla 3, hvortil jeg fik en top byttepris på vores 3 år gamle bil. Så længe du selv er forberedt og du forholder dig rationelt til markedet, så får du oplevelsen af at her skal din næste bil købes. En behagelig og hyggelig handel med Lars Pedersen var vejen frem hos mig.Mangler bilen noget når du har købt den, eller der dukker noget op, løber de ikke fra deres aftale. Jeg havde en del små punkter efter modtagelse, vi noterede dem, og så kunne den komme på værksted med gratis lånebil mv. Her var jeg i gode hænder hos Thomas Gøtze. Det skal bare spille når han returnerer din bil. Sælges følger op og spørg om alt spiller og jeg stadig er tilfreds. Alt i alt kan stedet anbefales. Er sikker på at min fremtidige Elbil også bliver via Andersen Martine i Greve."
1,Køb en bil fra et andet selskab,"Køb en bil fra et andet selskab, de tager fusen på andre. Længe har jeg troet at det kun er mig der er lidt krævende men efter et besøg hos andre opel forhandlere så siger de at de godt kan genkende at folk føler sig snydt af opel i Ballerup Nu sidder jeg fast i en leasing i en forfærdelig bil som bare bliver værre og værre for hver dag der går og jeg gav en lækker bil i bytte som jeg fortryder stort.Tak for en meget dårlig handel"
5,Professionel og god kundeservice ved…,"Professionel og god kundeservice ved bil købI følte os rigtig godt behandlet af sælger Balal både i forbindelse med køb af Tesla, samt med hjælp med  udfordringer vi havde efterfølgende. Alt i alt sublim kundeservice"
5,Deres afdeling I Greve…,"Vi har været hos Balal i deres afdeling i Greve. Min kæreste og Jeg, fik en rigtig god behandling. Og hele deres service spillede fra det øjeblik, vi var ude og prøvekører bilen. Der blev ringet op efterfølgende, da vi havde modtaget bilen. Om alt var som det skulle være og nogle spørgsmål. Ny er vi en bil rigere og glade og tilfredse"
5,Kæmpe ros til Lars,"Kæmpe ros til Lars, fra Andersen & Martini i Greve.Jeg prøver bilen lørdag og får den med hjem til Jylland mandag. Dejlig nem og gnidningsfri handel, og en godkendt pris for min byttebil. Stærkt arbejde, og klart anbefalelsesværdig Henrik S, Viborg"
1,Hold jer langt væk deres skadescenter,"Hold jer langt væk, fra deres skades center.Ekstremt lang reparations tid.Over 4 ugers reparations tid på en skade, de skade de sagde kun ville tage 2 uger.Ingen tilbagemeldinger. For kun info når jeg selv kontakter dem.Ingen af de aftaler vi laver bliver overholdt og ingen tidsfrister bliver holdt.Konstant dårlige undskyldninger.Yder mere var bilen belagt med maler og slibe støv, overalt i kabinen.Der var maler sprøjt på ruderne.Og det nøglefrit åbnings system virkede heller ikke længere, samt lyset i bagagerummet!Kommer aldrig tilbage til Andersen og Martini igen. Hverken for reparation, service eller nybil.Hold jer væk"
2,Jeg har netop købt en lidt brugt Tesla…,"Jeg har netop købt en lidt brugt Tesla Model 3 fra Andersen & Martini. Jeg er glad for bilen men det virker som om, at sælgeren havde for travlt til at kunne give mig som kunde en ordentlig service. Først fik de solgt den samme bil til 2 forskellige kunder, så måtte jeg selv flere gange rykke for leveringstiden på en den bil som skulle leveres. Sælgeren glemte også at få bestilt en Clever ladestander og til sidst valgte han uden at informer mig, et andet forsikrings selvskab da bilen skulle indregistreres, da han mente at et andet selvskab var bedre end det som jeg havde valgt. Jeg står tilbage med en følelse af, at de har for travlt og at jeg som kunde ikke betyder meget for dem."
5,Vi har købt en bil af sælger Balal,Vi har købt en bil af sælger Balal. Har fået super service fra start til slut. Vi fandt ud af at han kun havde været ansat i 4 måneder som Junior sælger det mærkede vi overhovedet ikke noget til. Han har bare haft styr på alt.Er sikker på han bliver Andersens og Martinis nye super sælger.De bedste anbefalinger herfra
1,"ELENDIG SERVICE, og flabet opførsel fra 2 medarbejdere","Jeg var i dag inde og prøve en brugtbil hos Andersen og Martini i Greve med henblik på en handel.Prøver bilen, men får et bud på min gamle bil som jeg ikke var enig i - derfor ingen handel.Jeg kører herefter hjem (ca. 1 times kørsel) til Rødvig på Stevns. Her opdager jeg til min skræk, at jeg har glemt både min pung og min mobiltelefon på sædet i den bil jeg prøvede - det er klart min fejl MEN:Da jeg ringer til dem og får fat i de 2 medarbejdere på skift er viljen til at hjælpe mig nærmest IKKE EKSISTERENDE.Jeg spørger om en evt. kunne blive og vente på mig selvom de var lukket, og så ville jeg komme så hurtigt jeg kunne og hente pung og mobil.DET kunne ikke lade sig gøre.Jeg prøvede at høre om det var muligt at de evt. kunne køre hen på den lokale politi station og aflevere det, og så ville jeg hente der.DET kunne ikke lade sig gøre.Jeg tilbød at hente på en af deres privat adresser hvis nogen ville tage det med sig hjem.DET kunne ikke lade sig gøre.Jeg er selv på arbejde i morgen (dagen efter) ca. 600 m. fra deres afdeling, men står alene i butik som jeg derfor ikke kan forlade.Da vores butikker har samme åbningstider spørger dem om en af dem så kunne komme over og aflevere det i min butik indenfor åbningstiden.DET kunne ikke lade sig gøre, hvorefter røret blev lagt på INDEN samtale var afsluttet!!!Jeg har efterfølgende heldigvis fået min nabo til at køre derind i morgen og hente mobil og pung og aflevere det til mig i min butik.Det er den DÅRLIGSTE og mest ELENDIGE service jeg har oplevet nogen sinde.Jeg er ganske klar over at det er mig selv der har glemt tingene, men at man IKKE PÅ NOGEN MÅDE vil prøve at hjælpe og herefter LÆGGER RØRET PÅ for ikke at tage det igen er simpelthen ikke i orden.Jeg vil ALDRIG, som i ALDRIG anbefale at handle hos Andersen og Martini - og SLET IKKE i Greve!!"
5,SUPER SERVICE !,"Kan varmt anbefale Andersen og Martini. Købte bil 3 dage før påske med aftalt levering efter påske. Vi blev betjent af en meget dedikeret og imødekommende og hjælpsom sælger , Lars, som tog sig tid til at lave papirarbejdet i meget sene aftentimer og som tog ind på en fridag for at levere bilen 5 dage før tid, for han syntes da at vi skulle kunne nyde den nye bil i påskeferien. Mange tak for SUPER service."
5,Super god oplevelse,"Super god oplevelse! Vi købte vores nye bil og nåede at få den inden påske, selvom aftalen var at den først kunne være klar efter. Kan varmt anbefale Lars! Han har været super imødekommende og behjælpelig hele vejen igennem! Selv når man har spørgsmål kl 9 om aften! Tak for en go' oplevelse og især tak til Lars!"
5,Vi har fornyelig købt en brugt e-up af…,"Vi har fornyelig købt en brugt e-up af Andersen & Martini i Greve, og fik en kompetent og imødekommende behandling af sælgeren, Camilla Dose. Det er første gang at vi køber bil af Andersen & Martini, men bestemt ikke sidste gang."
5,Tror da nok det her var min bedste…,Tror da nok det her var min bedste bilhandel flinke og søde mennesker alle man talte med og sælger Lars var fantastisk
5,Fantastisk service,"Fantastisk service! Vi havde fornøjelsen af den gode mand Lars, super kompetent og altid tilgængelig alle døgnets 24 timer! Vi endte med at købe en Tesla, som vi er super glade for! Lars kom ind på sin fridag for at aflevere vores nye bil til os. Kan kun varmt anbefale A&M og specielt Lars!"
5,"KANON god service, kan varmt anbefales!",Har været derude 3 gange på deres værksted i forbindelse med 3 forskellige ting der skulle laves. KANON god service og alle gangene været lynhurtigere! :)Skulle have skiftet en forrude og min bil blev leveret kl. 13 i går eftermiddags og var allerede klar i morges kl. 8! :) Fik også en lækker lånebil imens. Så de varmeste anbefalinger herfra! :)
5,Rejse til USA,Rejse til USA. Præcis beskrivelse af nødvendig rejseforsikring!
2,6 ugers svartid og forvirrende sagsbehandling,"På en skiferie løb vi desværre ind i en omgang COVID-19. Til at begynde med var Gouda meget hjælpsomme, og kunne oplyse om vores muligheder indenfor forsikringsrammerne.Desværre venter vi nu stadig her flere måneder efter rejsen, stadig på vores refusion. Vi indsendte kort efter hjemkomst en skadeanmeldelse på Goudas hjemmeside. Det tager rimelig lang tid, da de af gode grunde har brug for alle kvitteringer, beløb og ""formål"". Jeg får derefter en mail om at der er sket en teknisk fejl, så nu er min skadeanmeldelse gået tabt, og jeg skal indsende en ny.De bekræfter mig dog 2 gange i, at de stadig har mine kvitteringer liggende, så dem behøves jeg ikke sende igen.Nu har vi så fået en mail om at de har sendt beløbet for de indsendte kvitteringer, men det viser sig at de slet ikke havde de kvitteringer jeg indsendte i første omgang! De har kun refunderet beløbet på en enkelt kvittering, som jeg har sendt til dem via mail!! Bemærk at Gouda har 6 ugers svartid(!!!!), så du skal ikke forvente nogen hurtig feedback på ting du sender til dem, eller spørgsmål du stiller.Vi har prøvet at forklare dem at der må ligge en masse bilag, som vi ikke har fået refusion på, men vi må vente 5-6 uger på at høre mere...Super ærgerlig oplevelse, da alle fra supporten som vi har snakket om ellers har været både imødekommende og hjælpsomme. Vi kommer dog ikke til at bruge Gouda igen pga. den meget forvirrende sagsbehandling."
5,Stille og rolig samtale,"Stille og rolig samtale, godt forklaret og har benyttet Gouda i over 20 aar. Ingen grund til at lave noget godt om til andet. Altid flinke medarbejder i røret ."
5,Det var hurtigt og nemt.,Jeg fik svar på spørgsmålene hurtigt. Meget nem proces.
1,Vildledende markedsføring :-(,"Jeg købte i 12.2021 en enkeltrejseforsikring hos Gouda. Gouda skrev bl.a. på mail ”Vi kan tilbyde en enkeltrejseforsikring med skitillæg til din datter. Her kan hun være dækket i hele perioden – også selvom formålet er at uddanne sig til skiinstruktør.” Forsikringen trådte i kraft 20.12.2021.Vi fik desværre brug for forsikringen pga skade, men nu skriver Gouda bl.a. : ""...mener vi ikke, at det fremgår, at vi skriftligt har bekræftet, forsikringen dækker udgifter for tabt uddannelse og ophold.""Hmm, efter min bedste overbevisning, synes jeg det lugter langt væk af vildledende markedsføring jvf Markedsføringsloven § 3.""§ 3. Der må ikke anvendes urigtige, vildledende eller urimeligt mangelfulde angivelser, som er egnet til at påvirke efterspørgsel eller udbud af varer, fast ejendom og andre formuegoder samt arbejds- og tjenesteydelser.”"
5,Gouda forsikring kan jeg kun anbefale,"Gouda forsikring kan jeg kun anbefale, når der er brug for forsikringen  er jeg altid blevet behandlet godt, så jeg fortsætter bruge dem"
5,Min datter er ude at rejse,"Min datter er ude at rejse, og ved et tilfælde finder jeg ud af at jeg ikke har den rigtige dækning. Gouda kunne med det samme tilbyde en rejseforsikring, selvom hun allerede er taget afsted. Nu kan jeg sove roligt om natten igen :)"
1,Rigtig dårlige forsikring når man har…,"Rigtig dårlige forsikring når man har brug for dem. Havde tegne en incoming forsikring hos dem og forlænget den i 3 omgang, når den  skulle den forlænges for 4 gang, så sagde det kunne ikke lade sig gøre. Nu har man en gravid kvinde uden forsikring fordi man kan ikke tegne en forsikring i andre steder."
5,Casper med K,Casper med K er den sødeste i supporten! Det lidt ligesom et one night stand: hurtigt og bekymringsfrit
5,Hurtig tilbagemelding.,Hurtig tilbagemelding.Fantastisk hjælpsom og meget venlig mand i har ansat. Fik hurtigt svar på alle mine spørgsmål.
5,Tak for en hurtig og god service.,"Hold da i er bare hurtig. Jeg skrev til jer omkring en rejseforsikring til Thailand og at den skulle dække mod COVID-19, karantæne etc. Inden for 1 time havde jeg svar. Jeg bestilte derefter forsikringen og inden for 15 minutter havde jeg alle policer og papirer fra jer. Det kalder jeg hurtig og god service.I må da mindst være Danmarks hurtigste og bedste rejseforsikringsselskab."
5,mikkel sørger for at vi forlænger vores…,mikkel sørger for at vi forlænger vores årsrejse afbudsforsikring - så det var en fin service - tak - torben og elisabeth  holtoft -
5,God service,Rigtig god og hurtig service
5,Meget god,Alt godt og hurtigt
5,God service,Super hurtigt svar på mail
1,Ingen svar fra Gouda,"Kom til alvorligt skade på en ferie, og da jeg indgav anmeldelsen af skaden skrev Gouda at der ville gå 3-4 uger før jeg fik svar. Der er nu gået 7 uger og jeg har ikke hørt noget fra dem. Når man ringer ind får man blot at vide at de ikke kan hjælpe fordi de har travlt og at de ikke ved hvornår man høre fra dem."
5,Hurtig ekspedition.,Superhurtig svar på min henvendelse. Nødvendig information fremsendt straks.
5,God og hurtig betjening af sødt og…,God og hurtig betjening af sødt og imødekommende medarbejdere.
1,Bedrageri!!!,"Bedrageri!!!! Det er bondefangeri!!! De er kun ude på at tjene penge og ikke yde en service!!! I bliver ved med at påstå det var en teknisk fejl, men jeg har stadig sagen åbent fordi det netop IKKE var en teknisk fejl der fik forsaget forsinkelsen eller aflysningen!!!! Men i bliver ved med at påstå det er? Aldrig hop i Goudas fælde!!! Bliver jeres fly forsinket eller aflyst er der gratis selskaber der med glæde tager sagen op."
5,God og hurtigt service,"God og hurtigt service, venlig medarbejder :)"
5,Fik en helt fantastisk service ifm…,Fik en helt fantastisk service ifm rejseforsikring af Johnny Djurhuus.
5,Hurtig,"Hurtig, venlig og god hjælp."
5,God vejledning i forhold til valg af…,God vejledning i forhold til valg af produkt samt info om særlige regler på destination vi ikke selv var obs på.
5,Jeg har i mange år haft Gouda med mig…,"Jeg har i mange år haft Gouda med mig på mine ferier og altid fantastisk behandling - super service og samtidig altid plads til en "" privat"" samtale- det understreger - hvis min store tilfredshed.Jeg ville give flere stjerner- hvis muligt og samtidig kan jeg fortælle at jeg har anbefalet Gouda til mange venner-familie og jeg ved de har skiftet til GoudaDe bedste hilsnerKnud Møller Kristiansen"
5,Helt igennem fantastisk,"Helt igennem fantastisk, behjælpelig service!! Skulle have forlænget rejseforsikring og fik hjælp af Benjamin Nesta.Vil råde alle til at købe forsikring hos gouda. Fantastisk service."
5,Fantastisk service,Fantastisk service fra både Mikkel og Sofie fra Gouda
5,En anbefaling herfra,Vi har været kunder igennem mange år og vi kan godt anbefale Gouda rejseforsikring.
5,God og hurtig betjening,God og hurtig betjening. Anbefales 100%.
5,Tak til hele alarmteamet for professionel arbejde,"Jeg kan varmt anbefale Gouda rejseforsikring. I forbindelse med hjemtransporten af min far oplevede jeg en meget professionel behandling fra hele Alarm teamet i Gouda rejseforsikring. Jeg følte mig virkelig i gode hænder og der var hjælp, støtte og handling hver gang jeg kontaktet alarmteamet. Tusind tak for alt."
5,Fantastisk service.,"Fantastisk service.Vi har vores rejseforsikring gennem Gjensidige/Gouda og er meget tilfredse, da vi oplever god service og ingen bøvl.I tirsdags skete det uheldige, at vores søn brækkede benet på skiferien. Vi kontaktede Gjensidige, som herefter sendte os videre til deres Alarm Central (Gouda). Herefter blev vi trygt guidet igennem forløbet og de sørgede for fly og transport hjem for mig og knægten. Vi oplevede en fantastisk service og følte os trygge og velinformeret i hele forløbet. Der var stor hjælp på hele hjemrejsen fra lufthavnens personale, som var arrangeret af Gouda og de tog ligeledes fat i Skejby ift det videre behandlingsforløb i DK.En særlig tak til Stine Byrk Lyhne, som hjalp med det hele i en træls situation. Hun var utrolig hjælpsom og holdt os løbende informeret. Kæmpe tak til dig!!!Vi kan kun anbefale Gjensidige/Gouda rejseforsikring."
5,Super god service,"Super god service. Tusind tak for hjælpen, selv i sidste øjeblik."
5,Behagelig betjening og  opfølgning på…,"Behagelig betjening og  opfølgning på et problem i løbet af ganske kort tid,  som lovet af Gouda - top service"
5,virkelig god hjælp at hente ...og meget…,virkelig god hjælp at hente ...og meget tålmodig medarbejder!
5,god service,"god service. Meget hjælpsom medarbejder, Casper. Fik hurtigt svar på spørgsmål"
5,Rigtig god service og de er meget…,Rigtig god service og de er meget overbærende med førstegangsfejl:)
5,Jeg tegnede en rejseforsikring hos…,Jeg tegnede en rejseforsikring hos Gouda og håbede naturligvis ikke at få brug for den.Var i Cartagena i Colombia og blev ramt af kraftige mavesmerter. Efter scanning af min mave på hospitalet var meldingen at jeg havde en perforeret mave og skulle opereres eller jeg ville dø og det kostede 50.000.000 Colombianske Pesos og at de intet ville gøre uden penge. Jeg ringede til Gauda's akutnummer og blev mødt af venlighed og en meget hurtig respons. Få minutter efter var jeg i narkose og blev opereret. Har et stort tak til Gauda for alt gik så nemt med hensyn til betaling til hospitalet i Colombia og jeg slap af med de voldsomme smerter og bevarede mit liv...
5,"Vores ""lille"" datter på 16 går på High…","Vores ""lille"" datter på 16 går på High School i USA. Hun var smittet med Covid og skulle i iso udenfor skolen, hvilket kunne blive meget dyrt og besværligt! Vi fik en usædvanlig god, løsningsorienteret, forstående og fleksibel kundeservice ved begge vore henvendelser. Begge medarbejdere var virkelig hjælpsomme (Rune fra Gouda du er en verdensstjerne i kundeservice! TAK!)I sidste øjeblik fik vi hende privat indkvarteret, så omkostningerne blev minimale.Aldrig har jeg fået en bedre kundeservice fra et forsikringsselskab! Tak igen!"
5,Hurtig nemt og effektivt,Hurtig nemt og effektivtVenlig behandling
5,God service,God service - som altid når man har kontakt til Gouda og brug fro deres service
5,God service,"God service, og gode at snakke med."
5,Venlig imødekommende,"Venlig imødekommende behandling vedr. Problemer med en rejseforsikring, sagen  blev behandlet med konduite og jeg blev en meget tilfreds kunde.Med venlig hilsenGrethe Friis"
5,Ros og anbefaling,"Først mødte vi Mads. God modtagelse, vejledning og information, der fik os til at beslutte køb af bil hos Andersen og Martini.Derefter overtog Kenneth Frydlund Tscahikai Hansen salget med stor empati, indsigt og viden om bilerne. Tak for at blive mødt fra start til sluthandel. God vejledning og svar på vores mange spørgsmål. Vi vil gerne anbefale Andersen og Martini."
5,"Efter et par mails uden svar, men så.","Efter et par mails uden svar, og en samtale med to damer var min tålmodighed ved at være opbrugt ved Andersen / Martini. Men så ringede Mikkel Randløv. det endte med at jeg fra Jylland købte en bil over telefonen en torsdag aften. udover at kunne klargøre bilen på under 24 timer, sørgede Mikkel også for at give min bank en ordenligt omgang tæsk på renten. av. det endte med at jeg valgte finansering igennem Andersen / Martini (Nordania) Mikkel kontaktede mig senere på ugen, (Efter køb) for at høre hvordan det gik med min nye bil. Jeg havde 2 ting som der var gået forbi mine øjne ved afhentning. tidligere skade, der var dårlig lavet. og en skrue der raslede i bagagerummet.beskeden var klar, jeg skulle finde et værksted, her blev det lavet til UG, hvilket sparrede mig for en tur over storbælt og en masse tid og bøvl. Uden beregning, og uden at stille spørgsmål.skal du købe brugt elbil, så skal du uden tvivl tage fat i Mikkel Randløv fra Andersen/Martini i Greve.Han er en 5 stjernet gut. og det er ikke sidste gang at jeg handler bil hos ham."
5,Har lige købt brugt bil af sælger…,"Har lige købt brugt bil af sælger Daniel. Fantastisk service af en flink sympatisk sælger. Kanon service,  vi kommer igen når vi går over til el bil. Kan kun anbefale og give 5 stjerner."
5,Andersen&Martini - Tesla Model 3,"Jeg var forbi Andersen&Martini pga. af deres store udvalg af el biler og herunder især Teslaer. Jeg blev mødt og rådgivet af to kompetente sælgere; Kenneth Frydlund og Mads Randløv. Jeg endte med at købe en Tesla model 3. Hele processen var virkelig en fornøjelse og jeg kan kun give de varmeste anbefalinger. Det er sælgere, der møder kunderne i øjenhøjde og forstår at yde en god service."
5,Vi mødte en til en imødekommende sælger…,"Vi mødte en til en imødekommende sælger (Kenneth Hansen), hvor vi var på udkig efter en Mercedes. Kenneth var bestemt flittig og samarbejdsvilling, eftersom han accepterede vores behov, samt fandt en løsning. Dermed sørgede han også for en god oplevelse ved afhentning af bilen. Vi kan klart anbefale Andersen & Martini. Vh Alican"
5,Super tilfreds,"Super tilfreds, god service og hurtig levering. Har købt en Tesla Model 3 hos Lars Pedersen"
5,Fremragende,Fantastisk service fra start til slut. Stor tak til Enes for at gøre hele processen nem og ligetil. Kan klart anbefales.
5,Behagelig og professionel oplevelse,En meget behagelig og professionel atmosfære.Fik en rigtigt god snak med sælgeren under mit besøg og der var tid til alle spørgsmål på trods af mange kunder.
5,Mands randløv,Mands randløv  Er den bedste kundeservice og hurtigt levering  klar med bilen
5,Super god service,Super god service - tag fat i Mikkel hvis i skal have en bil herfra.
5,Helt Enkelt kanon oplevelse,Helt Enkelt kanon oplevelse Vi var på udkig efter en ny brugt bil og var ude og prøve flere forskellinge biler hos forskelinge forhandler og må sige at fra vi kom ind af døren hos A&M blev vi mødt af profesionelle sælger som både gav højeste bud på vores gamle bil og havde den mest velholdte brugte bil og samtidig var den skarpeste pris på market. Man følte sig velkommen fra start og til vi fik nøglerne til bilen Vi er Mikkel Randløv ( vores Sælger ) meget taknemlig for et varmt og behageligt forløb . Mvh Henriette og Jacob Mørkhøj
5,Tak til Andersen og Martini Greve..,"Tak til Andersen og Martini Greve for en fantastisk oplevelse som køber af føreste bil. Det har været en fornøjelse at blive kunde hos jer, og især med Lars som sælger og rådgiver. Dejligt med en masse tålmodighed fra sælger, når man som ung skal købe første bil. Dette har betydet meget. Tusind tak, vi ses i fremtiden;)"
5,Jeg kan varmt anbefale denne…,"Jeg kan varmt anbefale denne forhandler.Jeg bor på Frederiksberg, men blev anbefalet forhandleren i gladsaxe, af en ven. Jeg blev mødt af en sød ung, og meget professionel sælger Oliver. Jeg købte en brugt bil til en go pris. Utrolig go service fra start til slut, og kommer gerne igen, for at købe min næste bil ( og nogle år)"
5,Mega god service,Selvom man bor på Langeland så kan man godt køre til Greve og få en skide god service og en ny tesla med hjem samme dag
5,Super service fra Kenneth,"Super service fra Kenneth, kan varmt anbefale at handle bil her. Fornuftig pris på både indbytning og ny (brugt) Tesla."
1,Find en anden Kia forhandler,"Find en anden Kia forhandler, Vi havde vores Kia til service et andet sted, og det synes vi lugtede lidt, så vi ville være sikker og derfor tog vi ud til Kia her i Kastrup. Der var det ene og andet galt, især ved bremserne. Det løb op i 20.000, 2 måneder efter, blinker aps lyset i bilen, og vi tager derud igen, og ja begge aps ringe skal skiftes, hvorfor man ikke opdager det første gang er os en umulighed og forstå! Men vi står og ikke har andet valg så vi må op med 12.000 og self fralægger Kia sig ethvert ansvar, nu har jeg været i kontant med andre Kia forhandler der ryster på hovdet over min fortælling, vi bad dem også tjekke nogen andre ting, som self heller ikke er blevet tjekket, Og den “skarpe” dame som tager imod en der er “nævt” før herinde vil hverken hører på hvad med siger eller noget, hun påstår derimod jeg lyver, når jeg fortæller om lignede episoder, når jeg har haft vores anden bil forbi Skoda. Jeg kan kun sige jeg/vi står tilbage med den følse, at de ikke ønsker kunderne det bedste, tværtimod, det virker som om de helst vil have man bliver væk og endelig ikke stiller nogen spørgsmål. Som sagt jeg anbefalede alle og tage til et andet Kia værksted."
5,Rigtig god service fra start til slut,Rigtig god service fra start til slut. Fløj fra Aalborg lufthavn og blev hentet i lufthavnen. Kørte mig ud til min nye bil og gennemgik den fra top til tå. Det var en sand fornøjelse og ikke sidste gang jeg handler ved dem
1,"Pas rigtigt meget på, gauda kan koste dig livet","På trods af mine 2 corona vacciner, 2 mod lungebetændelse og 1 influenza, fik covid desværre fat i mig til sidst. Mit forsikringsselskab svigtede da det galdt og jeg røg på et offentligt sygehus hvor jeg lå på en jernplade med en havehynde i 8 dage i blodige lagner fulde af l,rt, p.s og kanyler. Jeg kæmpede for at trække vejret mens mine naboer døde på stribe. Da Gauda løb fra sit ansvar, tog det 3 dage for min familie at få mig lokaliseret, få mig i behandling og få sat hjælp igang. Jeg blev ikke medicineret, havde ikke adgang til min fon eller papirer og var simpelthen i deres vold. Det lykkedes til sidst at få mig overført til et privathospital, hvilket blot betød en bedre seng uden kanyler. Plejepersonalet var omtrent ligeså udlærte som en stuepige i cancun. Og deres ligegyldighed med patienten gjorde at jeg stod og sked på gulvet, efter at have bedt om hjælp 4 gange. Det tjener de rigtigt mange penge på via forsikringer, men tag ikke fejl, det er pengene de er ude efter.Jeg ville ikke være på det hospital, jeg følte mig mere utryg end på det offentlige dødskarussel hospital.Jeg blev overført til mit hotel i Santa Fe, da min test gav mig fri. Her har jeg ligget og rallet i 3 dage, fået væske og føde, og jeg er ret svag stadig.Vær meget forsigtig når du vælger dit forsikringsselskab, det kan i sidste ende koste dig livet. Også selvom de pryder sig med opfundne priser og covid dækning. Tag gerne en gouda ost, men hold jer fra forsikringen. Den slags mennesker, hvis menneskeliv, er dem så ligegyldigt, vækker min største afsky .Tak til alle jer der har gjort et stort arbejde for at få mig igennem dette forløb, jeg havde ikke været i live hvis i ikke havde været der. Det viser lidt hvilke beskidte mennesker der sidder hos gauda."
1,Super dårlig service,"Super dårlig service. Vi havde lejet et sommerhus til brug i nytåret 2021. Da min mand har ondt i ryggen som halvdelen af Danmarks befolkning ser vi ikke hans “lidelse” som en kronisk sygdom. Men han er så så uheldig at et fald gør at han får mere og mere ondt i ryggen efter vi har bestil sommerhuset og bliver indkaldt til operation i december 2021 hvilket så gør at vi må afbestille huset, feriepartner er fuld forståelig og de siger at der plejer ikke være nogen problem med at få pengene tilbage via Gouda og at vi trygt kan afbestille! Nu er det så bare at de ikke betaler vores leje tilbage pga. de ser det min mands rygproblem som en kronisk sygdom! Hvisket det ikke er, men pga. faldet. Hvis vi nu havde vidst det så havde vi jo ikke afbestilt men vi havde sendt noget familie eller venner til at benytte huset så ikke vi mistede de penge, ligenu har de jo faktisk tjent dobbelt på det hus vi har lejet, super dårlig stil. Så pas på med at leje sommerhus hvis i nu skulle være så uheldige at få en sygdom hvor i skal opereres! Men hvis i får corona så ingen problem så er der penge tilbagebetalt"
5,Flyhjælp hjælper mig med krav til…,Flyhjælp hjælper mig med krav til Ryanair
5,Lidt vente tid få fat i dem men det er…,Lidt vente tid få fat i dem men det er også forståeligt fordi det var god serivce og hurtigt og nemt at bestille rejseforsikring og meget venlig at snakke med. Meget tilfres
5,hurtig og service i løbet ganske kort…,hurtig og service i løbet ganske kort tid have jeg min rejseforsikring vh kurt
1,Tegnede en rigtig god rejseforsikring ?????,"Tegnede en rigtig god rejseforsikring til mit barnebarn og hans kæreste gennem Spies rejser , som oplyste at så var de virkelig dækket ind , MEN så ser vi meget forskelligt hvad god dækning er, og hvornår en rejse starter og afslutter. (Gouda ved hvem jeg taler om), som talte som et maskingevær og lød som om hun læste op af en bog, og  ikke var til at stoppe, og høre hvad der blev sagt, til sidst måtte jeg råbe ,at nu skulle hun høre hvad jeg sagde, at kærstens kuffert var blevet væk på vej hjem, hvad vi gjorde ved det, når de ikke kunne finde den i lufthavnen, så kom der en salve mere om, at ferien sluttede når man forlod feriemålet og ikke når man gik ud af lufthavnen herhjemme og så var det ens indboforsikring der skulle dække, når kufferteren havde været væk en mdr. . Så var forsikringen alligevel ikke så god som lovet, men et minimum af god kundeservice, var vel det mindste man kunne forlange fra Gouda Rejseforsikring."
1,I sover i timerne og på alarmcentralen,"Jeg skrev den 20/12 en 5-stjernet bedømmelse. Den holder desværre ikke vand!Inden afgang på ferie afleverer jeg til Gouda alle nødvendige dokumenter for at få foretaget en medicinsk forhåndsvurdering. Alle bilag var print af elektronisk journalmateriale. Jeg hører trods løfter om det modsatte intet fra Gouda inden afrejse. Efter ankomst til Thailand rykker jeg for svar. Får at vide, at det tilsendte var indscannet i systemet og papirerne, jeg havde afleveret, makuleret. Endvidere, at det indscannede var med lidt lille skrifttype, derfor svært at læse, hvorfor Gouda ikke kunne tage stilling/behandle sagen. (Man kan forstørre ethvert skærmbillede på en pc!)Efterfølgende er det indscannede slettet af GPDR-hensyn. Så jeg skal sende det hele igen, hvilket ikke lader sig gøre fra Thailand, da materialet er i Danmark. Efter mange mails frem og tilbage har jeg nu fået tilsagn om, at forsikringen dækker uden forbehold. Man kunne godt forvente, at Gouda undlod at slette/makulere alt, inden de havde behandlet sagen. Det giver GPDR-regler fuld mulighed for.I går var jeg så i Thailand på hospitalet grundet akut tilstand. Skrev til Goudas alarmcentral, åben 24 timer i døgnet. Informerede om min tilstand og havde spørgsmål i fht. betaling af undersøgelser og behandling. Nu er der gået mere end 24 timer, siden jeg skrev. Har intet hørt. Dét er der altså ikke meget alarmcentral over!Tilføjelse efter at Gouda har skrevet nedenstående svar:1. Ovennævnte 5-stjernede anmeldelse er hermed slettet.2. Det er rigtigt, at Gouda har forsøgt at kontakte mig såvel telefonisk som pr. mail. Men det er sket EFTER, at jeg skrev min anmeldelse, hvilket ikke rigtig fremgår.Jeg synes, det er direkte dårligt, at Goudas alarmcentral først reagerer, når og som følge af, at der ligger en dårlig anmeldelse på Trustpilot.3. Ærgerligt, at Gouda i sit svar ikke rigtig forholder sig til det øvrige indhold i min anmeldelse."
5,Super rar og hurtig kundeservice fra…,Super rar og hurtig kundeservice fra Kasper i forbindelse med at jeg skulle tegne forsikring til mit udvekslingsophold
5,Kom hurtigt igennem på deres telefon,"Kom hurtigt igennem på deres telefon. Medarbejderen var kompetent og kunne hjælpe med det, jeg havde brug for."
5,Hej med jer super god service fra jer.,Hej med jer super god service fra jer. Jeres konsulent Kasper Markussen er guld være for jeg har aldrig få bede service ved noget firma Jeres samarbejde parten Bravo Tours kun lære meget ved jer de har ikke styr på en skide og deres service er i bund MvnPeter Mauritzenfyn
5,Tak for den flotte service!,"Vi har aldrig været sygdomsramt på en rejse, men det var vi denne gang, desværre. Min 4-årige datter fik vejrtrækningsproblemer, hoste mm. og havde det ikke været for Gauda's flotte service, så anede jeg endnu ikke, hvad min datter fejlede, for de fortalte det aldrig på et forståeligt sprog.Jeg kan varmt anbefale Gauda og deres tilknyttede læger. Sikke en service! Det er ikke sjovt at være i et land, hvor de ikke taler engelsk i sygehusvæsnet, og du er syg."
5,Jeg fik en god og kompetent rådgivning…,"Jeg fik en god og kompetent rådgivning og service hos Gouda, samt en hurtig ekspedition så alle papirer er nu på plads.Jeg er meget tilfreds med den betjening jeg har fået hos Gouda."
5,Fantastisk service…,Fantastisk service…Trods en rejseforskiring der var gammel og ikke blev brugt for over et år siden fik jeg lov til at bruge den igen her i det nye år….Mit næste valg er også gouda…..Tak
5,Super god behandling og hurtig service!,Super god behandling og hurtig service i forbindelse med covid-rejseudfordinger.
1,Det er simpelthen under alt kritik.,"Det er simpelthen under alt kritik.. Bliver syg i forbindelse med at jeg skal til Thailand hvor jeg har bestilt ophold og flybilletter.. Ringer til Gouda for at høre hvordan jeg er dækket i forhold til ikke at kunne komme afsted og hvordan de dækker mig.. Får beskeden at jeg skal få en læge erklæring og sende ind til dem sammen med bilag for rejsen. Nu ringer jeg så ind for at høre hvordan jeg helt nøjagtigt skal gøre og får så at vide jeg ikke er dækket. Gav 600 kr. for en læge erklæring på opfordring af den første jeg talte med, som så sagde at jeg ville blive kompenseret. Nu får jeg så at vide, jeg ikke kan få noget som helst og læge erklæringen ikke kan bruges..Udover det, så fortæller hun mig at jeg ikke taler sandt i forhold til den første samtale jeg havde med dem, da ingen ville sige jeg skulle få en læge erklæring, hvis ikke jeg havde dækning. Løgner bliver jeg simpelthen også kaldt. Hele min omgangskreds, både erhvervsdrivende og private venner bliver i DEN grad frarådet at bruge gouda.."
1,Fik smurt selerne og endte med nogle…,"Fik smurt selerne og endte med nogle ret grumme ridser i plastiken rundt omkring selerne. Disse seler bliver brugt hver dag, så vi ved med 100% sikkerhed at de ikke var der, før vi var nede hos Andersen og martini"
5,God service!,"Vores nye bil blev forsinket med en dag, men vi fik sat en bil til rådighed kvit og frit i de nødvendige dage.God service og godt humør - plus point for en lækker nr. plade! ;-)Blev betjent af Kenneth Hansen"
5,vi har oplevet en meget fin og tålmodig…,"vi har oplevet en meget fin og tålmodig servise , venlig betjening. alt i alt en god oplevelse.venlig hilsen Hans og Lotte Dam, Vallø"
1,Andersen & Martini løber fra deres serviceaftaler,"Jeg har en Opel Karl med 5 årig servicekontrakt hos Andersen & Martini i Gladsaxe - Bilen har et defekt varmeanlæg.Varmeanlægget støjer og bilen er kold. (BS87145)  I januar bestilte vi service for at få repareret varmeanlægget.""Reparationen"" bestod i at værkstedet tog pollenfilteret ud, rystede det lidt og isatte det igen.Problemet blev ikke løst, varmeanlægget støjer og bilen er kold.Ved ny henvendelse i februar, kom en mekaniker ud i bilen og konstaterede det støjende anlæg uden varme og det blev forsøgt afhjulpet.""Reparationen"" bestod i at værkstedet tog pollenfilteret ud, rystede det lidt og isatte det igen.Problemet blev ikke løst, varmeanlægget støjer og bilen er kold.Der blev derefter bestilt en ny tid til service da det efter to gange ikke var lavet og bilen kom for tredje gang på værksted hvor de ville gå grundigere tilværks.""Reparationen"" bestod tredje gang i at værkstedet tog pollenfilteret ud, rystede det lidt og isatte det igen.Problemet blev ikke løst, varmeanlægget støjer og bilen er kold.Ved efterfølgende telefonsamtale kunne kontordamen  oplyse at ""de jo ikke kunne udskifte dyre reservedele, når de ikke helt vidste hvad der er galt med bilen"".Andersen & Martini har ikke problemer med at modtage adskillige hundrede kroner hver måned for en ""servicekontrakt"", men hvis der lige pludselig opstår et problem med bilen, så stopper ""servicen""Jeg vil stærkt fraråde at tegne servicekontrakt med Andersen & Martini, pengene er spildt, samt stærkt fraråde at anvende deres værksted - umiddelbart ville man forvente en vis proffesionalisme på et mærkeværksted, men hos Andersen & Martini i Gladsaxe er niveauet nærmere som en sidegadegarage med en gut der ved lidt om øser og kan fikse dem...måske.Du bliver snydt og må finde et andet værksted der kan lave reparationen hvis bilen er defekt, Andersen & Martini gør det ikke......25. februar 2022, opdatering:Bilen har nu været på værksted for 4. gang.Fejlen er fundet og der er skiftet en temperatursensor, til ca. 300 kr., hvilket har løst problemet så varmeanlægget virker igen. Jeg er glad for at problemet nu endelig er løst, men er ærgerlig over at det ikke blot blev løst første eller anden gang, så det ikke var nødvendigt med trusler om bål og brand, for at få det løst.Jeg håber Andersen & Martini ændrer deres procedurer, så gen-reparationer får større opmærksomhed.Der er et ordsprog der hedder: "" Hvis det du gør ikke virker, så gør noget andet.."""
5,Vi har netop handlet bil hos Jonas fra…,"Vi har netop handlet bil hos Jonas fra Andersen&Martini i Greve. Oplevelsen har været helt sublim og top professionel fra start til slut. Vi fik ovenikøbet en fin pris for vores gamle bil, som indgik i handlen."
5,Købte en Polestar 2 i går ved A&M i…,Købte en Polestar 2 i går ved A&M i Greve. Super oplevelse og flot service hele vejen i gennem. Sælgeren ( Kenneth Hansen) var virkelig rar og imødekommende. Ham handler jeg gerne hos en anden gang./Charlotte
5,Tak til Enes (Ballerup) for…,Tak til Enes (Ballerup) for imødekommenhed og venlighed i forbindelse med køb af vores bil. Vi er rigtig glade for den.
4,Der er forskel på forhandlerne…,"Der er forskel på forhandlerne…Andersen & Martini i Taastrup har været virkelig venlige, imødekommende, lydhøre og hjælpsomme. Jeg vil til enhver tid anbefale deres forhandler samt værksted. Det kan man desværre ikke sige om forhandleren i Søborg. Jeg havde en advarselslampe der pludselig lyste. For at få den slukket skulle de åbenbart have alt muligt af. De fik ikke lavet min bil til tiden og alt trak ud. Da jeg endelig modtog min bil var gearet ikke som det plejede. Jeg gjorde dem opmærksom på det, men de mente ikke at gearet fejlede noget. Jeg søgte derefter hjælp hos Taastrup afdelingen der med det samme, fik rettet gearet så det igen virkede optimalt."
5,Købte en Tesla Model 3 i går ved A&M i…,"Købte en Tesla Model 3 i går ved A&M i Greve. Super oplevelse og flot service hele vejen i gennem. Sælgeren ( Lars P) var virkelig rar og imødekommende, og gav en komplet og grundig intro til bilen, alle systemer, knapper, app osv inden jeg kørte. Langt ud over min forventning.  Ham handler jeg gerne hos en anden gang. /Michael"
5,Fantastisk oplevelse af en salgs elev,Fantastisk kundeoplevelse hos A-M i Greve.   En kæmpe stor ros til Balal som var en sindsyg dygtig og meget professionel sælger som endda er under oplæring som salgselev. Balal gjorde hele forløbet hos a-m i Greve så behageligt og gjorde virkelig en ekstra service under hele forløbet. I samarbejde med hans kollega Mikkel fik jeg til sidst min drømmebil. Næste gang jeg skal have ny bil besøger jeg bestemt a-m i Greve! Tusind tak for en dejlig oplevelse og en god handel.
5,Rigtig god oplevelse,"Rigtig god oplevelse, venlig og professionel sælger."
5,Rigtig god oplevelse at handle med a-m…,Rigtig god oplevelse at handle med a-m i Greve. Super service. Kan varmt anbefale sælger Lars PThorkild
5,Rigtig fin service og handel af Brugt Tesla m. 3,Rigtig fin service og handel ved køb af bil. Sælger Lars Pedersen brugte rigtig god tid til at fortælle om de forskellige ting ved køretøjet (Tesla model 3) Alt papirarbejde samt nummerplade blev ordnet samme dag. En god oplevelse.
5,Vi har handlet bil med Jonas i dag og…,"Vi har handlet bil med Jonas i dag og det har været en suuuper oplevelse. Vi vil derfor gerne anbefale både Jonas og A og M, hvis man skal handle bil"
5,Verdens klasse,"Verdens klasse! Intet mindre. Jeg har aldrig følt så god en service hele vejen rundt under et bilkøb, når jeg en gang skal skifte bil vil jeg bestemt ikke udelukke Andersen og Martini"
5,Fremragende service igennem hele…,Fremragende service igennem hele forløbet! Stor tak skal lyde til Mikkel Randløv som virkelig gik et ekstra skridt for at sikre at vi følte os trygge i vores valg. Vi vender helt sikkert tilbage en anden gang.
5,Mit første bilkøb,"Mit første bilkøbJeg er super glad for en rigtig god behandling af Enes hos A&M i Ballerup. Enes var meget engageret, nærværende og handlede top professionelt, da der skete en dum misforståelse, som ikke engang var hans skyld. Lynhurtigt fik han rettet op på fejlen, og han reddede min dag! Under hele forløbet har jeg følt mig i centrum, både før, under og efter! Kan helt klart anbefales!"
5,Virkelig god oplevelse!!,"Meget nærværende og yderst kompetent betjening, god service og godt humør!Tak for hjælpen, Enes i Ballerup - min søn er super glad for sin nye bil :-)"
