__label__5 ,hurtig levering. god massage apparat.
__label__5 ,"jeg havde tænkt mig at bestille en massagestolmen jo længere tid jeg målte og målte i min 90m2 ejerlejlighedblev jeg mere og mere i tvivl om sådan en stol kunne komme indog om jeg overhovedet har plads til sådan en massagestol.jeg valgte derfor indledningsvist at forsøge mig med et fodmassage apparat.jeg valgte iwao aias plusder også rammer lægmusklerne.leveringen var meget hurtigfaktisk over al forventningmen så kom den store test.jeg fik trukket min farstrup designer lænestol ud i midten af stuen og sat fodmassage apparatet ud for stolen.de salteste glædestårer flød fra migda jeg mærkede hvordan apparatet tog fat. skinnen med rullerne påsamt luftpudernesom rammer og presser toppen af fodenmaste og klemte al dårligdom ud af mine fødder. jeg fald næsten i søvn i min stol.nu har jeg benyttet produktet alle dage i de sidste 2 uger. jeg er indtil videre godt tilfreds med købet og mine fødder føles også bedre. jeg er mere ""plan"" med gulvet jeg står på.muligvis skal jeg overveje en reel massagestol."
__label__5 ,hurtig levering og utrolig god service. kan kun anbefale. vi er utrolige glade for vores produkt og bruger massagestolen ofte.
__label__5 ,vi købte en ogawa smart witmo massagestol black fridayhvor sørenen meget serviceminded medarbejderkontaktede os og ville høre om vi vil have stolen leveret med det samme eller senere og hvordan. vi aftalte levering mandag med den ønskede levering og stolen blev leveret mandag på en sikker og tryg måde:)vi kan kun varmt anbefale iwao:)
__label__5 ,hurtig levering og enestående kundeservice!jeg kan på det varmeste anbefale at handle hos iwao.
__label__5 ,god service samt super hurtig levering 
__label__5 ,november 2021 iwao showroom næstved:vi fandt vores match til vores ønsker og krav til en massagestol på iwao's hjemmeside og besluttede at besøge deres showroom i næstved.en venligt nærværende og professionel gennemgang og demonstration af stolen underbyggede hjemmesidens beskrivelse af stolen hvorefter vi indgik købsaftale med levering fredag i følgende uge.stolen ankom som aftaltfragtfirmaet sendte ovenikøbet en sms med angivelse af forventet leverings tidspunkt indenfor en 2 timers ramme.efter udpakning af den spritnye stol fandtes alt i orden og uden skader og den fungerer som den skal.vi glæder os nu til at få lindret vores gamle ømme musklernår der har været knoklet på arbejde og i haven :-)
__label__5 ,tydelig ordrebekræftelse og fantastisk hurtig levering. fik den samme vare som jeg har bestilt. rigtig god orientering af forsendelsesforløbet.
__label__5 ,massage stol ogawa smart jazz lever fuld op til vores forventninger. betjening og levering kompensation for levering i forkert farve er vi yderst tilfredse med (massage pistol) tak.vil lige sige at vi er blevet glade for farven melody black vh brian og helle
__label__5 ,kundeservice og kvalitet som det skal være!denne 5 stjernet anmeldelse kan opsummeres meget enkelt.- suplim rådgivning!- fantastisk hjælpsom kundeservice - de ved 100% hvad de laver og det er ikke blot en salgsmedarbejder du snakker medmen en servicemindet person som sætter sig ind i hvad du har behov for og ikke bare skal sælge!mine største og bedste anbefalinger herfra!- vi er super glade for vores ogawa smart jazz stol. den skal også have 5 stjerner.
__label__5 ,tak for den bedste service og nogle fantastiske lækre og effektive produkter 
__label__5 ,netbestillingbestilte produkt til spa via nettet. det fungerede ubeklageligt. ved afhentning var ordren klar og udleveringen forgik hurtigt. god service
__label__5 ,jeg har købt iwao nakkemassagepude og hold ophvor er den fantastiskden tager virkelig fat og rammer lige præcis på de ømme muskler. stivheden omkring min “hekseknude” er næsten helt væk. den er også rigtig god til lænden og mellem skulderbladene. jeg har prøvet mange forskellige massagepudermen den her slår alt. den er virkelig fantastisk - min nye bedste ven 
__label__5 ,en lille ekspeditionsfejl og vuptidagen efter havde jeg den korrekte vare og kunne bare beholde den først tilsendte.
__label__5 ,super hurtig og perfekt behandling a min ordre 
__label__5 ,god massagestol med flere programmer. kan også bruges manuelt. blev leveretsat op og lidt instruktion. god service
__label__5 ,jeg har kun positive oplevelser med firmaet. købte et massageapparat. hurtig levering. desværre har jeg brugt det for megetsåledes at stoffet var gået i stykker. jeg tog fotos af det og det var slitagemen alligevel fik jeg et nyt. det kan man kalde service.1000 tak for den hurtige og gode behandling
__label__5 ,jeg bestilte et spacare sætfik det inden 2 dage. jeg havde lidt problemer med vandet i mit spaså jeg ringede og de tog sig tid til at guide migtil at opretholde vandmiljøet i mit spa. ikke sidste gang jeg handler der.
__label__4 ,alt fint !! fik de varer som jeg havde bestilt og til en fin pris.
__label__5 ,hurtig leveringsuper glad for mit produkt...det lever op til mine forventninger
__label__5 ,rigtig god betjening. samt viden om produktet.er meget glad for min massagestol. mvh tina nolting
__label__5 ,"vi havde en rigtig god oplevelse i næstvedmed et behageligt personaleder havde god tid til os.så vi bestilte en smart vogue prime til leveringmed 1 mands hjælp til indbæringog da de alligevel var 3 mand i bilen klarede de det uden min hjælp tak. der var selvfølgelig gjort klar til dem... nu er vi på 2'uge med stolen og er ved at lære den bedre at kende (det er ikke så svært). vi er stadig glade for at vi har opgraderet ""stolen"" og alle dem der har prøvet den synes den er god. ydermere blev vi ringet op og spurgt om hele vores oplevelse ved køblevering og tilfredshed med stolen og om de måtte sende en mail med link til trustpilot.så her er som lovet vores oplevelse."
__label__5 ,jeg anbefalemeget. jeg er virkelig tilfreds fra vores ny massagestol .de har god priser og god qualitet .
__label__5 ,fantasktisk god service i den butik. de ved var de snakke omog rådgiver godt og tydeligt. jeg er meget tilfreds med den stol jeg købte. den virker til at være en rigtig god kvalitetog til fulde dækker vores behov. ved levering stillede de to mand opda den skulle igennem en smal dør. den blev skilt af og samletog alt var testet af før de kørte.virkelig god service som ikke kostet ekstra. alt pap var ryddet og taget med igen. jeg er en virkelig glad kunde som fik en service ud over forventet. er stadig vild glad for min nye massage stol.
__label__5 ,på baggrund af de gode anmeldelser her på sidenså bestilte jeg før jul en ogawa smart reluxe uden at have prøvet den.det har jeg ikke fortrudt.jeg kunne ikke lige finde ud afat tage siderne af stolenda jeg skulle have den ind i min lejlighed. jeg ringede til iwao og fem minutter efter havde jeg en videoder nemt forklaredehvordan det skulle gøres.stolen står nu i mit soveværelse og jeg får den skønneste massage to gange om dagen. jeg føler titat stolen lige vedhvor den skal tage fat. bedste massagestoljeg har prøvet.eneste ulempe erat jeg nu er nødt til at rede min senghvis mine gæster også vil have massage - og det vil de næsten altid.kan helt klart anbefales - både stol og firma.
__label__5 ,iwao behandlede min sag lynhurtigt og varen kom frem med det samme. pga manglende afhentning kom den tilbage til iwaomen de sendte den igen u/b. super service.
__label__5 ,butik & serivce 10/10produkt 4 5lækker massagestolgod kvalitetvil altid ønske den kunne endnu mereog ogawa ringer bare så har jeg allerede et par forbedringsforslag :) har allerede sparet mange penge/turer hos massøren. har du brug for eller går meget til massørkan den ikke erstatte ham/hende 100% men den kan højst sandsynligt spare dig for mange turer og penge. det er en dyr stolmen jeg syntes den er alle pengene værdom man så bare ønsker sig wellness eller massage efter træning. service i butikken er rigtig godog de har ingen problemer med at lade dig sidde og prøve stolen i fred og ro. det kan anbefales at komme flere gange og prøve lidt forskelligt. du får samme gode service 3. gang også :) efter køb er der fortsat super service og man kan få svar på alle de spørgsmål der kommer. men tålmodighed løser mange af dem selvder er simpelthen så mange muligheder og forskellige programmer så det er bare at gå i gang. ps. en stor investeringmen hold øje med deres tilbud :)
__label__5 ,vi fik leveret to massagestole til min arbejdsplads. iwao folkene var super flinke og hjælpsommebåde ift. at vælge de rigtige stole og til at sætte dem op. varm anbefaling herfra.
__label__4 ,vare bestilt til fair prishurtig leveringtilfreds kundemere er der ikke at sige.det er hvad jeg forventer når jeg bestiller på nettet.opdateret efter ønske af iwao.dk:jeg giver 4 stjerner pga. ovenstående.den sidste stjerne mangler da jeg ikke bryder mig om jeres hjemmeside.det har været en tilfredsstillende handelmen sidder ikke tilbage med waw fornemmelsen. faktum er jeg sparede 50kr på min ordre.
__label__5 ,venlig og imødekommende betjening og grundig indføring i produktet og saglig bistand ved valg af massagestol samt super installationsservice ved meget servicemindet tekniker
__label__5 ,købte en jasmin for snart tre år siden. den virker stadigvæk upåklageligt. der var en af stolene i den helt billige ende på deres sideså jeg var lidt skeptisk. men her næsten tre år efter kører den stadig som den har gjort fra start og det er næsten hver dag. dejligt med noget kvalitet
__label__5 ,jeg har en kortere tid anvendt iwao aura massagepude med stor succes.den har afhjulpet spændingermyoser og hovedpine væsentligt.
__label__5 ,hurtig service og levering. og så endda i juletiden. helt perfekt
__label__5 ,super god og effektiv betjening i forretningenlevering som aftaltså alt i alt en perfekt oplevelse 
__label__5 ,vi er rigtigt glade for massageprodukterne der var købt ogleveret fra jer. varerne blev pakket godt indog leveringen var punktlig og hurtig som lovet. vi giver 5 stjerner velfortjent for god service og venlig betjening/(kundeservice).det er bestemt ikke sidste gang jeg/vi handler hos jer.
__label__5 ,super oplevelse....kort leveringstidhvor jeg blev telefonisk kontaktet af kundeservice op til leveringen og vejledt.rigtig god kundeservice. efter et par uger blev jeg igen ringet op og spurgt om jeg havde nogle spørgsmål til produktet.
__label__5 ,super godvenlig kontaktingenklager over service eller levering rigtig hurtig levering. bestilt om morgen lørdag og fik den leveret næste dag søndag. god kvalitets stol fungerer fint den eneste lille kritik jeg har er at ryggen til stolen kunne være lidt højere men ellers som sagt en fin og god stol
__label__5 ,er meget tilfreds med iwao jeg bestilte min witmo massagestol om søndagen og fik den leveret om tirsdagen. en super god stol.
__label__5 ,god pris kom til tiden. ikke en finger at sætte på det 
__label__5 ,blev leveret til tiden. alt var som det skulle
__label__5 ,vi har modtaget vores anden massage stol og er særdeles tilfredse med begge købgode funktioner som beskrevet i salgs materialet ingen problemer med holdbarhed og materiale kvalitet her er alt i top service plan er en fin option men vi har ikke haft brug denne option derudover har vi ved begge køb oplevet levering som lovetså fra os de bedste anbefalinger.
__label__4 ,"fik varen utrolig hurtig. god service. massagepuden er blevet testet og vi er glade for vores nye ""massagepude"" virker godt. smart at armene kan tynge mere eller mindre."
__label__5 ,efter at have set mig interesseret iat skulle have mig en massagestol slog jeg forskellige sider opmen det var iwao der fangede min interesse mest.de havde flere massagestole for nærmest enhver smag i både stil og pris.ogawa masterdrive 4d plus skældte sig ud blandt alle andreikke mindst for dens pris men især for alt det den kunne. og jeg må sige efter jeg nu har købt den har den kun været alle pengene værd.de kom på den aftalte dag og fik maskinen sat i gangfik en god instruks inden de gik og siden da har mit velfærd fået sig en stort boost. :)efter arbejde tager jeg en tur i den og føler mig altid godt afslappet og afstresset bagefter. og med 23 autoprogrammer er der nokat vælge imellem så man kan få flere forskellige former for massagealt efter hvad man har lyst til. og med indbygget bluetooth kan man høre til det musik man nu slapper af tilmens man får sig en god massage.alt i alt har jeg kun fået god service af dembåde over telefonen da jeg spurgte ind til produktet og da de kom for at montere stolen. :)5/5
__label__5 ,super god service og fantastiske produkter. kan varmt anbefale at bruge pengene på deres produkter og deres fantastiske service.
__label__5 ,rigtig god og hurtig præcis service. og stolen lever op til forventningerne.meget glad. mvh. kenneth
__label__5 ,vi fik en rigtig godt service ude i butikken. selv om der var rigtigt travltden dag vi var der ude.vi er meget tilfredse med købet. stolen fungere perfekt. alt i alt en perfekt oplevelse.
__label__5 ,god stol til prisen.leveringen gik hurtigt og smertefrit. hvis stolen skal opgraderes på et tidspunkt køber jeg helt sikkert af dette firma igen.
__label__5 ,vi bestilte stolen med opsætning og de kom til aftalte tid og vi fik en go og grundig instruktion i brugen af stolen.meget professionelt og positivt.
__label__5 ,bestilte et iwao ino fodmassageapparat torsdag aften og kunne hente det i pakkeshoppen lørdag. super service og endda gratis leveret.selve apparatet giver virkelig en gang grundig fodmassage. tror ikkejeg har prøvet en massør tage lige så godt ved. kan godt anbefales.
__label__5 ,meget hurtig levering. jeg fik først bestilt torsdag aften 17 decog allerede lørdag den 19 kunne jeg hente det i brugsen
__label__5 ,super god oplevelse kommer igen!
__label__5 ,meget hurtig levering af varen. god kvalitet.
__label__5 ,havde lidt udfordringer med at bestille online da til udlandet. dette blev løst lynhurtigt og ukompliceret - tusind tak for det. bestilling kom hurtigt efter. top karakter herfra.
__label__5 ,nem bestilling og hurtig levering < 24 timer.
__label__5 ,vi har købt en master drive 4d plus til vores arbejdespladshvor den bliver flittigt brugt af 40 medarbejdere. den lever til fulde op til vores forventninger og derudover kommer god serviceså vi er meget tilfredse.
__label__5 ,nemt at bestille. hurtig levering. glæder mig til at tage min julegave i brug
__label__5 ,hurtig levering og løsningsorienteret samt venlig kundeservice. kan varmt anbefale!
__label__5 ,kanon service. utrolig venlige og hjælpsomme medarbejder. har købt en fantastisk fod massage. den virker så god mod mine kramper. der knækkede et af de små fødder. det skete igen og fik en helt ny maskine. kan varmt anbefale fodmassagen og iwao
__label__5 ,lever op til forventningerne - gode priser og hurtig levering.
__label__5 ,god pris og hurtig leveringmeget tilfreds med handlen.
__label__5 ,nem onlinehandelalt kørte bare på skinner.
__label__5 ,rigtigt god service og super lækkere massagestole.
__label__5 ,fuldt ud tilfreds med mit køb af massagestol.meget god kundeservice.
__label__5 ,utrolig god serviceflinke og behagelige medarbejder som er meget hjælpsomme.hurtig levering og en vare som forventet.her kan jeg varmt anbefale at handle.
__label__5 ,jeg har længe ønsket mig en massagestolog nu da den nuværende pandemihar tvunget os til at være indendørsvar det her min mand og jegbesluttet at det var det rette tidspunkt med selvforkælelse der hjemme. vi fandt iwao via internettetog det var godt at vi faldt over denne virksomhed. vi havde nemlig behov for at afklare hvad vores behov var iht. massagestolog det er her at iwaoklarer sig exceptionelt godt.man kunne via deres show room prøve adskillige modellerhvor vi i sidste endte med at købe ogawa smart witmo massagestol. vores beslutningsproces blev suppleret med god rådgivning fra mikael h.som sørgede for at fortælle om de forskellige funktioner på en meget venlig og imødekommende måde. det var rart at få en følelse af god serviceuden at blive pålagt ´salgstale´ bemærk at disse massagestoleikke bare kan være i hvilken som helst boligda både størrelse og vægt spiller en væsentlig faktor. vores massagestol vejer snildt 100 kg. så være forberedt på om det kan lade sig gøre at få det op ad trappen såvel elevatorhvis man eksempelvis bor i lejlighed.vi har haft vores massagestol i omkring 3 uger nuog kan sige at vi er meget tilfredse med købet. muligheden for at indstille 17 forskellige massagefunktionersåvel muligheden for manuelt at indstille specifikke områderhvor der skal masseres på kroppengør at man får en tilfredsstillende massage.jeg kan helt klartanbefale at man tager en smut forbi iwaoog booker en tidtil afprøvning af deres store udvalg af massagestole.
__label__5 ,rigtig fin servicevi brugte en fin chat funktion til at få svar på vores spørgsmål til deres stole og de svarede fint på dem.købs oplevelse er der ingenting at udsætte på.
__label__5 ,da jeg modtog pakken var den fri for skrammer og huller i emballagen.indholdet i pakken virke som det skal.
__label__5 ,hurtig levering og den er god at bruge effektiv godt sted at handle
__label__5 ,bedste massagestole jeg nogensinde har prøvet!kan helt klart anbefales!
__label__5 ,jeg har købt en ogawa smart witmo massagestol hos iwao. jeg fik super god og professionel vejledningda jeg ringede og spurgte til de forskellige stole. jeg bestilte stolen med levering og montering. det var alle pengene værd. de kom med stolensamlede den og gav mig en gennemgang af stolens funktioner. efter cirka en uge blev jeg ringet op af iwao. de ville høre om jeg var tilfreds med stolen og om jeg havde nogle spørgsmål. jeg er så glad for at jeg valgte at købe hos dem. de yder den bedste vejledning og service. jeg kan klart anbefale at købe massagestol hos dem.stolen har mange gode programmer både manuelle og automatiske. den har virkelig hjulpet på min uro i benene og mine mange spændinger i nakkeskulder og ryg
__label__5 ,exceptionel service! jeg købte en fodmassage-maskine og selvom den kunne altkunne jeg desværre ikke klare den grundet den faktisk tog for hårdt fat til mine fødderså man må sige den virkelig virker til trætte fødder! men lige hård nok til mig! jeg fik hurtigt svar og nem returnering og nu skal jeg egentlig bare ind og se hvad jeg så skal købe istedet! for produkterne er høj kvalitethurtig leveringbedste service og bare en følelse af en rigtig behagelig og nem handel og service! kan klart anbefales!
__label__5 ,hurtig levering varen levede fuldstændig op til min forventning . kan kun anbefale at handle hos jer.
__label__5 ,efter at have besluttet mig forat skulle have en massagestol ringede jeg til kundeservice for at forhøre mig i fht. leveringstider. jeg fik klar og præcis besked omhvornår de forskellige stole kunne leveressamt fik uddybende beskrivelser af nogle af stolenes funktioner eller mangel på samme. jeg valgte en af dender kunne leveres med det samme - og der må jeg virkelig sige med det samme. jeg bestilte sent torsdag aften og mandag morgen kl. lidt over 9 stod fragtmanden her med stolen. jeg er rigtig glad for den - eneste negativeder er at sigeer at den ikke kom med dansk stik. vi havde heldigvis en adaptorså den kom i brug med det samme og den er brugt hver dag siden. kan klart anbefales.
